"x1","x2","c"
104.798639314249,108.772168732248,"C1"
105.658003566787,98.3750604325905,"C2"
99.4109727628529,93.0853854166344,"C1"
96.4426076598465,107.150154276751,"C2"
98.4396950295195,97.055206168443,"C2"
107.84746134188,93.7709455844015,"C2"
99.6296796295792,107.318680793978,"C2"
105.352466199547,100.749458889477,"C1"
101.108931475319,105.569911147468,"C2"
108.977802325971,102.271138485521,"C1"
91.974901300855,94.5612474996597,"C2"
94.1655326355249,109.177285991609,"C2"
93.529429603368,99.7376295551658,"C2"
102.059607636184,107.935288515873,"C2"
96.1738007096574,105.457901288755,"C2"
102.28574521374,109.238762157038,"C2"
104.990360792726,109.140137140639,"C1"
92.2984735947102,109.106747326441,"C2"
92.5616342993453,93.4022330818698,"C2"
90.6547136697918,102.215131176636,"C1"
105.352451610379,93.1204801285639,"C2"
103.313275794499,102.547386582009,"C1"
100.144918691367,97.5895112659782,"C2"
99.7481852350757,92.6541055599228,"C1"
91.4885401912034,98.560601095669,"C2"
98.842177791521,97.6643467834219,"C2"
106.295946333557,94.0185958798975,"C2"
108.412290788256,90.9466466540471,"C2"
107.142331898212,98.4692508354783,"C2"
97.0107575133443,108.452928783372,"C2"
99.587668129243,108.438761211,"C2"
98.7491250457242,106.065024673007,"C2"
96.603488647379,99.5123749691993,"C2"
94.4853570731357,103.533214428462,"C2"
106.714111985639,91.7562127718702,"C2"
99.3031252548099,98.0522880284116,"C2"
95.7895513623953,104.558319146745,"C2"
104.419376342557,90.813087336719,"C2"
92.0843442110345,104.437851510011,"C2"
99.9368574935943,104.905008403584,"C2"
103.776651797816,101.996181663126,"C1"
93.2197907008231,109.550771769136,"C2"
91.3988970872015,106.962528410368,"C2"
108.449664199725,105.274583660066,"C1"
104.609994995408,100.479518272914,"C1"
103.838120345026,104.457502923906,"C1"
98.3636361779645,93.37562286295,"C2"
98.5578802507371,103.346604383551,"C2"
97.4060480156913,100.92382342089,"C2"
109.876635386609,99.0374402748421,"C1"
94.7057018708438,91.7796717584133,"C2"
109.262203397229,107.926059244201,"C2"
102.18660056591,90.5739888735116,"C2"
91.0347675485536,102.991160657257,"C1"
96.7786356899887,105.56686392054,"C2"
92.5869603967294,108.070901711471,"C2"
96.290770904161,95.5649517569691,"C2"
109.187441165559,93.9697925373912,"C2"
100.803017304279,102.207239498384,"C2"
106.771600842476,106.854372862726,"C1"
92.0101071102545,94.2949853278697,"C2"
107.853386974894,100.924261668697,"C1"
102.560077230446,99.9449900211766,"C1"
97.1502393111587,102.786824344657,"C1"
105.605343170464,103.435519449413,"C1"
94.4826762704179,99.6844494715333,"C2"
94.5182924345136,93.9504291303456,"C2"
92.5180552899837,97.1302577573806,"C2"
109.440231625922,96.4571641618386,"C2"
99.2328303353861,93.0333985434845,"C1"
102.49441599939,103.409767635167,"C1"
108.027004231699,97.5522053614259,"C2"
100.537457037717,102.13080807589,"C1"
93.0694734305143,105.203255824745,"C2"
91.235381308943,109.475408713333,"C2"
90.2080752607435,101.362877548672,"C1"
105.435087252408,100.334371449426,"C1"
100.824956744909,98.2008621329442,"C2"
108.69883115869,103.522591949441,"C1"
106.44251935184,91.3346204347908,"C2"
104.866282339208,94.9865407356992,"C2"
92.4554603826255,104.808361134492,"C1"
105.514846821316,94.5907578011975,"C1"
92.3870992101729,101.750624869019,"C1"
109.339086217806,97.5067392783239,"C2"
105.265476801433,94.9848548555747,"C2"
103.613186669536,96.2660388788208,"C2"
104.165995195508,104.442359609529,"C2"
108.155421228148,94.9621173460037,"C2"
101.732270126231,103.932097121142,"C2"
98.0780805367976,92.6344127766788,"C2"
90.3960311179981,107.53118690569,"C2"
102.076415354386,93.9976163674146,"C1"
94.4031296623871,107.806747001596,"C2"
97.3091244138777,94.8854636726901,"C2"
93.9582846453413,102.918278640136,"C2"
97.3505545966327,104.155779550783,"C2"
97.0200041960925,107.506628045812,"C2"
93.4886429924518,98.0093527399004,"C2"
105.78453311231,102.136501297355,"C1"
100.22076303605,91.4228859264404,"C1"
104.472611248493,107.49140964821,"C1"
90.218071937561,107.753024436533,"C2"
100.461491476744,108.115082951263,"C2"
91.2286720843986,102.76708336547,"C1"
91.1660573072731,107.339510121383,"C2"
107.011647089384,96.8184334458783,"C2"
93.1671057827771,97.1772302500904,"C2"
106.638574800454,101.52065528091,"C1"
90.7107979385182,108.86729742866,"C2"
96.5604246547446,107.371992757544,"C2"
100.32994564157,101.126140765846,"C2"
91.9210836198181,90.4517765995115,"C2"
95.8545891474932,97.8745095012709,"C2"
105.275752143934,99.2901885602623,"C1"
109.385686963797,91.5220448421314,"C2"
103.212769483216,99.4187394855544,"C1"
92.7491289190948,107.711208979599,"C2"
104.69985680189,91.7634101537988,"C2"
105.600003376603,97.268082248047,"C2"
92.9229380609468,103.501484561712,"C2"
92.8590771649033,102.958059119992,"C2"
106.235686107539,91.9170465413481,"C2"
103.425046922639,94.5519636571407,"C2"
105.552701028064,106.993852499872,"C1"
99.3127395445481,94.8617655225098,"C2"
105.537045602687,90.7487553823739,"C2"
100.973139335401,103.249198719859,"C2"
106.917082532309,101.657479261048,"C1"
99.9869285617024,104.849046878517,"C2"
99.9031786806881,92.3977448232472,"C1"
103.579142047092,105.880105863325,"C1"
99.7814147174358,106.125318501145,"C2"
101.72489777673,92.0373484445736,"C1"
95.0411144504324,99.7952253790572,"C2"
103.210000181571,102.026541461237,"C1"
92.5917983287945,103.609145651571,"C2"
97.8320171590894,100.776135446504,"C2"
105.056613716297,107.037116955034,"C1"
104.590681078844,108.916346807964,"C1"
93.640728094615,108.144557382911,"C2"
109.225535574369,99.5768798515201,"C1"
107.156888139434,94.8779641231522,"C2"
108.386092251167,105.172763909213,"C1"
91.6203387314454,90.1427540974692,"C2"
98.0395397916436,109.882768564858,"C2"
104.813787820749,95.1391179999337,"C2"
102.726095980033,100.579856196418,"C1"
106.826772149652,94.3539973115548,"C2"
92.4631949421018,102.709032460116,"C1"
98.7862835684791,105.336262988858,"C2"
92.7127860300243,105.356839857996,"C2"
95.7434846367687,99.8652068851516,"C2"
100.218294309452,95.3248044522479,"C1"
109.35564127285,107.192287067883,"C1"
91.2581679364666,100.509478640743,"C1"
100.985541883856,99.3638741970062,"C1"
93.5858308058232,102.560859825462,"C2"
98.5450262902305,98.2761732675135,"C2"
90.7296100491658,109.111473504454,"C2"
109.738709358498,92.4934479082003,"C2"
100.278821676038,92.6904238760471,"C1"
94.1339219873771,92.431953009218,"C2"
101.508109290153,95.6844959268346,"C2"
100.147727224976,109.660011967644,"C2"
95.2201669756323,93.8590323505923,"C2"
96.3623887114227,91.3647039048374,"C2"
105.55243300274,102.911685579456,"C1"
96.4479075325653,104.864523359574,"C2"
104.836858776398,101.067466288805,"C1"
97.0615828316659,96.9650592003018,"C2"
101.719625820406,102.02159807086,"C1"
91.4644168969244,108.877717480063,"C2"
92.0056500565261,104.225017218851,"C2"
92.0105381216854,109.165592393838,"C2"
109.530105688609,93.3258749032393,"C2"
104.417263008654,90.3793987305835,"C2"
97.6438333140686,92.5465773139149,"C2"
107.571633639745,101.17108901497,"C1"
102.331470567733,104.778113886714,"C2"
91.940198126249,108.689225902781,"C2"
99.4584127794951,101.058053523302,"C2"
92.4351949570701,95.2646245667711,"C2"
98.8468011841178,91.4402817049995,"C1"
91.6089764935896,101.518507637084,"C1"
109.636303684674,101.885088253766,"C1"
94.4477949012071,109.886558693834,"C2"
102.200202159584,107.933069248684,"C2"
106.311128814705,94.8101138323545,"C2"
101.120714996941,101.32911620196,"C1"
107.05929916352,108.307673167437,"C1"
97.3792219534516,96.6174429515377,"C2"
99.4801644096151,95.737004680559,"C2"
91.8147212127224,102.102374746464,"C1"
100.332097392529,109.822369543836,"C2"
103.485520910472,96.5579173061997,"C2"
101.549359061755,93.5688935173675,"C1"
101.802579327486,91.79361065384,"C1"
97.1391898207366,91.2823372799903,"C2"
96.8507586885244,97.3069597966969,"C2"
109.014649312012,108.969044219702,"C1"
97.3994966922328,102.068132036366,"C2"
92.6420236611739,103.532934379764,"C2"
107.179923546501,102.96892286744,"C1"
96.2065291637555,94.8796376027167,"C2"
94.0056138206273,104.251348758116,"C2"
93.9691247884184,93.95704227034,"C2"
103.728572619148,99.7269665636122,"C1"
90.5644506867975,93.8120841328055,"C2"
109.632361931726,102.391880056821,"C1"
105.455292933621,99.5411768462509,"C1"
100.875166514888,107.992275240831,"C2"
104.885900779627,90.3485334245488,"C2"
104.455912462436,97.1336540253833,"C2"
109.692715578713,98.4827995393425,"C2"
99.2179099423811,95.908242976293,"C2"
98.5180310765281,93.4243581956252,"C2"
104.04068775475,102.499790806323,"C1"
101.071423762478,104.890593560413,"C2"
95.1354922074825,102.215324058197,"C2"
105.535494857468,101.47713759914,"C1"
91.1703339964151,95.4175541875884,"C2"
108.073654104955,104.631186164916,"C1"
92.1407412877306,98.9439144916832,"C2"
105.841016909108,101.608800222166,"C1"
107.730348021723,107.299502249807,"C1"
92.201670804061,103.491413402371,"C2"
107.879812861793,103.579737911932,"C1"
91.2960550608113,94.4500444130972,"C2"
103.230363144539,102.422574856319,"C1"
109.674636670388,91.5691139921546,"C2"
108.669276428409,104.919289862737,"C1"
104.953479226679,93.3835336240008,"C2"
101.252145580947,98.6863544629887,"C2"
100.624213228002,95.7537672808394,"C2"
98.1709822406992,105.692912875675,"C2"
93.3038667170331,91.9821519078687,"C2"
103.197427527048,108.049716725945,"C2"
99.4793102098629,106.383903548121,"C2"
102.862658100203,93.2981318840757,"C2"
104.802148914896,105.936206812039,"C1"
96.6468901047483,90.3057525586337,"C2"
93.5512994928285,92.7201153803617,"C2"
99.7762524522841,99.0180818084627,"C2"
102.908764835447,97.9436929663643,"C2"
93.027452211827,98.8591065630317,"C2"
102.283615069464,94.8367648851126,"C1"
96.1570322187617,92.574414787814,"C2"
91.5061038313434,96.3605030998588,"C2"
108.032026668079,95.6125127570704,"C2"
109.88870060537,91.6247133538127,"C2"
108.962461026385,103.540838966146,"C1"
97.6869915192947,103.473107856698,"C2"
97.3353680688888,99.3192007113248,"C2"
99.6320549584925,107.805026997812,"C2"
98.1775287771598,102.448574989103,"C2"
108.688629600219,98.1086747022346,"C2"
97.0603457419202,96.4246500097215,"C2"
93.3506817929447,100.637882156298,"C1"
92.1073947008699,97.3303399654105,"C2"
102.280422295444,102.74538078811,"C1"
108.009200845845,96.3150093331933,"C2"
90.3107173740864,103.405156228691,"C1"
95.0047700013965,103.033635462634,"C2"
96.4071782492101,96.015511197038,"C2"
106.141173047945,100.839662742801,"C1"
99.716537357308,107.672306373715,"C2"
97.0658811554313,99.0994771802798,"C2"
107.7945869416,92.0828057313338,"C2"
96.8268537241966,94.7415163042024,"C2"
107.365691545419,101.77219172474,"C1"
90.0850148871541,109.9604573939,"C2"
98.7544860783964,95.5531402956694,"C2"
105.940224938095,98.3624775102362,"C2"
90.0572785409167,99.5568230189383,"C2"
107.179053518921,109.073375738226,"C1"
107.068063430488,93.4991077333689,"C2"
98.1556346826255,109.785560267046,"C2"
96.3870500028133,103.349414067343,"C2"
99.3558652233332,105.1255184412,"C2"
98.3727631298825,108.390384428203,"C2"
95.8760147728026,100.472799888812,"C1"
102.88013368845,99.7477746242657,"C1"
99.5451187435538,102.583705391735,"C2"
97.6897688349709,107.593083023094,"C2"
101.0948785441,93.7827903963625,"C1"
94.3630230566487,103.51849024184,"C2"
94.5792138623074,105.58073552791,"C2"
91.1320310505107,107.789248139597,"C2"
95.8846236951649,102.534236926585,"C2"
97.6776178972796,104.375264281407,"C2"
97.4319777265191,101.694134208374,"C1"
99.4730487000197,105.019130529836,"C2"
91.7726066755131,95.5643405206501,"C2"
99.3074235878885,92.9754477320239,"C1"
109.796363711357,108.214275729842,"C1"
99.2209391016513,96.6886751214042,"C2"
92.3657151916996,97.3688537953421,"C2"
100.484963776544,98.7221246166155,"C2"
98.4322695806623,90.9273091703653,"C1"
92.844924912788,101.862387321889,"C1"
104.986138786189,92.7479780931026,"C2"
91.0294836713001,95.6254341127351,"C2"
106.468559061177,101.909207710996,"C1"
91.8773922044784,90.211276775226,"C2"
99.5870434958488,108.681900692172,"C2"
96.1901400843635,103.947825459763,"C2"
96.0881771100685,107.576096681878,"C2"
107.118214420043,105.290575432591,"C1"
92.981234760955,104.687165175565,"C2"
103.330920864828,108.976783761755,"C2"
91.0701429937035,92.222780236043,"C2"
93.661148310639,97.3672902258113,"C2"
90.5006573162973,98.8302654959261,"C2"
94.5524636469781,98.1985296076164,"C2"
92.7295499062166,109.097793092951,"C2"
98.9306301251054,108.998678196222,"C2"
107.181428521872,104.876540764235,"C1"
105.936618833803,94.439002177678,"C2"
97.1890621585771,91.9852706510574,"C2"
91.2406995054334,107.347195968032,"C2"
91.7386379325762,106.886388966814,"C2"
109.573530862108,96.2764641968533,"C2"
108.43549455516,99.9004196329042,"C1"
94.1913408180699,108.458286146633,"C2"
95.9808561997488,103.909435896203,"C2"
103.120105634443,98.5703903390095,"C2"
91.714655412361,107.769504124299,"C2"
95.6249085906893,106.246526790783,"C2"
92.1982903825119,95.7228280510753,"C2"
91.9220884377137,94.2391241155565,"C2"
104.435703200288,99.7783729899675,"C1"
99.4442209461704,93.63079525996,"C1"
103.200484644622,109.77922976017,"C2"
106.768637583591,104.174093399197,"C1"
101.530756456777,98.7519951909781,"C2"
103.8549925806,104.842172567733,"C1"
104.168309164234,92.1380420774221,"C2"
92.6050712261349,109.387485980988,"C2"
93.9552025264129,101.561177489348,"C1"
95.3636970790103,107.556211967021,"C2"
105.782540249638,107.156608132645,"C1"
93.3656825684011,100.29664112255,"C1"
100.419989284128,102.661915463395,"C1"
100.004445621744,104.397621173412,"C2"
106.456058016047,95.8748383820057,"C2"
99.6802943572402,109.488288294524,"C2"
105.867599020712,94.1650959057733,"C2"
93.0440147733316,107.515537445433,"C2"
100.709825782105,107.442850060761,"C2"
100.012495075352,98.2439248636365,"C2"
93.1304103555158,101.298320521601,"C1"
106.914587626234,104.18200509157,"C1"
101.496616397053,93.3829411072657,"C1"
95.7774712936953,103.509165551513,"C2"
97.1518583083525,109.211900481023,"C2"
93.8515042653307,99.6425989456475,"C2"
95.0964247621596,93.2529817242175,"C2"
105.361206065863,104.527011634782,"C1"
105.317471455783,106.101318951696,"C1"
94.4187497766688,92.8080367483199,"C2"
91.8724104994908,108.552084937692,"C2"
105.620862762444,93.5216070897877,"C2"
106.015459178016,105.20790846087,"C2"
91.3206806592643,95.7658197358251,"C2"
95.8596231509,107.226824183017,"C2"
93.3894411986694,109.782654140145,"C2"
105.864354730584,101.352277207188,"C1"
101.557449731044,107.954061329365,"C2"
102.752582761459,102.885446720757,"C1"
108.137868209742,91.7638216214254,"C2"
106.834639804438,94.1956962272525,"C2"
104.506445988081,105.716747823171,"C1"
94.1563004814088,101.509739463218,"C1"
93.2937083905563,108.849799484015,"C1"
95.7903366908431,99.8249334469438,"C2"
97.8147595422342,101.484559890814,"C2"
109.546201173216,90.3214286407456,"C2"
106.577568352222,106.484671854414,"C2"
91.1591864051297,90.247539174743,"C2"
102.603220818564,98.4343395195901,"C2"
101.38379283715,94.9365861807019,"C1"
101.699579488486,103.808112647384,"C2"
95.5483307642862,102.604612954892,"C2"
104.9284931086,100.14245447237,"C1"
101.849957136437,106.893560155295,"C2"
106.808903482743,96.6229379829019,"C2"
94.7711455728859,104.844687432051,"C2"
94.7047660825774,109.440199946985,"C2"
108.364212652668,94.8689024476334,"C2"
101.389536657371,90.4410935705528,"C2"
108.947050212882,91.4489574730396,"C2"
104.524721065536,97.589222243987,"C2"
100.819717585109,107.890633353963,"C2"
99.0620137145743,107.448942936026,"C2"
107.407563570887,100.355617059395,"C1"
102.474859259091,90.6265785172582,"C2"
109.023273685016,91.5598417120054,"C2"
105.822462150827,106.75739237573,"C1"
101.029737484641,92.6957294158638,"C1"
106.02779049892,101.417724317871,"C2"
92.7697869762778,92.722782343626,"C2"
99.810390053317,105.962847694755,"C2"
101.132985274307,102.871923805214,"C2"
99.6682407474145,99.0480127930641,"C2"
100.068763140589,93.901683059521,"C1"
107.385975453071,100.693620685488,"C1"
98.0509194964543,96.8537303758785,"C2"
106.38586148154,95.7839799951762,"C2"
102.14435884729,100.783918425441,"C1"
93.4388151904568,95.39385846816,"C2"
98.051027324982,95.0777893234044,"C1"
99.1017624689266,104.03331592679,"C2"
96.5225387271494,109.026876152493,"C2"
95.4837261885405,106.319929659367,"C2"
97.1708193793893,92.9585472634062,"C2"
94.5401396136731,97.537109227851,"C2"
104.809343148954,96.4946102723479,"C2"
96.9466739846393,97.9415497835726,"C2"
95.731702321209,91.968442555517,"C2"
98.7922098487616,107.730381265283,"C2"
90.1321214064956,106.162271266803,"C2"
97.3715535877272,109.158081444912,"C2"
98.8608631771058,108.287840555422,"C2"
91.3200442492962,99.2562536988407,"C2"
96.4081406034529,106.325523159467,"C2"
96.7774067400023,109.732789061964,"C2"
109.934866712429,109.871863070875,"C1"
100.884800516069,109.939633081667,"C2"
107.695145038888,97.9885080596432,"C2"
102.381793200038,91.9092187844217,"C2"
91.5603311825544,108.596797883511,"C2"
98.1836065975949,102.829897473566,"C2"
96.8283620942384,90.1330292131752,"C2"
106.195652079768,109.537810953334,"C1"
94.9560572300106,90.965065700002,"C2"
96.186921489425,107.914732699282,"C2"
100.821072445251,104.941403479315,"C2"
102.27714556735,99.3667368078604,"C1"
107.413641484454,92.8666831273586,"C2"
94.2750326637179,97.5003269547597,"C2"
106.497805863619,100.284207216464,"C1"
102.808298245072,94.6086899004877,"C2"
101.277851513587,104.717134600505,"C2"
92.065503410995,100.107603562064,"C2"
102.516151568852,104.051337046549,"C1"
99.6360861742869,99.0283991396427,"C2"
92.1221144869924,109.717846512794,"C2"
90.1362747093663,107.750310036354,"C2"
99.6518432395533,104.568868740462,"C2"
91.8871638737619,102.156863003038,"C1"
98.6344416253269,109.450173638761,"C2"
92.1730688260868,97.2078411094844,"C2"
91.4722939953208,109.96915394906,"C2"
95.3027887176722,104.781274776906,"C2"
106.794591806829,107.013037619181,"C1"
107.468654350378,97.2981569170952,"C2"
103.927205409855,103.285523271188,"C1"
90.9897896461189,94.0934597421438,"C2"
96.8498422857374,97.0834290562198,"C2"
106.733365403488,94.5390282617882,"C2"
106.200940283015,104.118835651316,"C1"
100.991754503921,100.231360914186,"C1"
104.490129370242,106.55004712753,"C1"
101.050867340527,94.6694848733023,"C1"
97.4714594613761,94.0591274295002,"C1"
98.7574570206925,95.1846112404019,"C2"
93.5607930831611,95.0576949538663,"C2"
101.079203928821,103.109303228557,"C2"
106.383420405909,104.810993899591,"C1"
92.78843103908,95.5528777325526,"C2"
101.312003750354,103.267669919878,"C2"
93.90455044806,105.694147194736,"C2"
90.8220232976601,100.102600413375,"C2"
109.652470354922,97.8080919710919,"C2"
91.9049899559468,101.595775573514,"C1"
105.617545503192,101.076752715744,"C2"
102.926018796861,91.9786510709673,"C2"
104.995019021444,97.4549176031724,"C2"
109.723029090092,107.919911579229,"C1"
90.2114556217566,91.2342556891963,"C1"
98.252323246561,106.937094558962,"C2"
93.3437564503402,105.15677975025,"C2"
95.5137666407973,105.703153396025,"C2"
106.475792131387,104.123537773266,"C1"
109.97117435094,102.972808261402,"C1"
100.927964486182,94.8042463883758,"C1"
108.558747028001,93.0470261583105,"C2"
99.4496224308386,106.350943744183,"C2"
101.295131696388,101.709575746208,"C1"
95.9522637818009,101.862406083383,"C2"
109.360895352438,90.8472776552662,"C2"
104.559446210042,105.746949771419,"C1"
98.1424863869324,92.1218367153779,"C2"
98.1097592879087,90.7264701509848,"C1"
94.8123712977394,103.114689644426,"C2"
107.348329313099,98.0361825414002,"C2"
95.731259053573,91.59003009554,"C2"
93.6687025334686,91.0883481567726,"C2"
102.72445446346,99.5532411010936,"C1"
106.68860597536,102.08078098949,"C1"
98.8250006642193,92.3644354008138,"C1"
96.51949621737,96.8027363298461,"C2"
102.406390598044,101.011918238364,"C1"
104.867509622127,99.6030580019578,"C1"
94.8511748900637,106.8439440988,"C2"
103.349911361001,102.4066740321,"C1"
104.582810630091,103.853019042872,"C1"
104.874513032846,106.892453604378,"C1"
97.5506886886433,108.57325728517,"C2"
98.5268879681826,103.15644392278,"C2"
106.17675034795,109.993602400646,"C1"
107.44141232688,105.472603128292,"C1"
97.1926323324442,108.892878806219,"C2"
90.1569752441719,105.935428366065,"C2"
103.819236732088,101.740515297279,"C1"
103.266491671093,103.759577148594,"C1"
93.1018181471154,94.0429797535762,"C2"
107.941435980611,96.4536537788808,"C2"
101.287079318427,96.3587940949947,"C2"
98.8908643648028,105.242008017376,"C2"
98.2096824189648,101.366738150828,"C2"
96.9531619129702,106.942605688237,"C2"
102.152752103284,106.249843752012,"C2"
108.388300519437,109.593341755681,"C1"
104.211801039055,99.13821533788,"C2"
96.4075151458383,105.807285998017,"C2"
91.2109095091,106.213572109118,"C2"
96.024281908758,92.430671188049,"C2"
95.9272505622357,102.068780292757,"C2"
96.5691583417356,104.168957555667,"C2"
94.1109764343128,98.4270972199738,"C2"
101.881016739644,93.1033420329913,"C2"
94.0155139099807,108.639128059149,"C2"
101.583153298125,101.098657865077,"C1"
92.6873820833862,104.524683849886,"C2"
93.8589070551097,101.103006582707,"C1"
103.073048675433,106.271584904753,"C2"
90.9178985701874,99.8042398644611,"C2"
100.441974252462,91.2446620082483,"C1"
109.859366472811,98.1404039589688,"C2"
99.462089012377,96.0481750965118,"C2"
109.351032851264,105.414115292951,"C1"
102.107252380811,90.7342176325619,"C1"
95.2153645455837,101.705336323939,"C2"
97.9379483079538,100.369744780473,"C2"
92.5226461049169,102.171286265366,"C1"
98.6473683454096,90.0348334619775,"C1"
103.065603747964,101.973195578903,"C1"
102.667045663111,101.441422742791,"C1"
90.82024065312,91.5883285598829,"C2"
100.672787749209,97.3229674808681,"C2"
99.294935981743,106.933372537605,"C2"
103.455625469796,107.832059185021,"C2"
103.037134916522,93.7426469894126,"C2"
109.861750258133,94.3181914882734,"C2"
107.861305247061,106.466212612577,"C1"
109.440774638206,102.238583518192,"C1"
100.574858454056,104.700644197874,"C2"
108.659071847796,94.9768347665668,"C2"
97.3571296921,105.514819486998,"C1"
98.9473448554054,97.0813752617687,"C2"
98.9446223434061,92.7938559092581,"C2"
104.091892885044,92.6187702873722,"C2"
98.0493263946846,109.242338170297,"C2"
109.622418037616,93.1476061744615,"C2"
100.412732590921,98.5916300024837,"C2"
99.9226212175563,107.167663918808,"C2"
92.347103417851,102.20108141657,"C1"
90.6664107227698,95.2264279872179,"C2"
109.436783432029,101.004101168364,"C1"
101.186572629958,93.5292021231726,"C1"
105.069627729245,106.641346230172,"C1"
107.177455062047,91.8249895097688,"C2"
99.401252893731,97.5701130134985,"C2"
109.618125492707,101.355098863132,"C1"
109.755589100532,102.4616955081,"C1"
97.2809913707897,99.9306977540255,"C2"
98.1236550118774,94.472631001845,"C2"
103.910457543097,109.552809535526,"C2"
101.519113252871,102.284757816233,"C1"
107.4681174336,100.05114023108,"C2"
103.802684373222,99.2689612228423,"C2"
104.343487294391,108.215009933338,"C1"
91.3559341523796,106.898677805439,"C2"
107.309415321797,107.530568628572,"C1"
100.818557287566,92.3568570753559,"C2"
92.6865002233535,94.9471754720435,"C2"
94.3443484371528,109.458912457339,"C2"
95.9728086926043,109.271548083052,"C2"
102.726250402629,93.8426862144843,"C1"
93.726520286873,93.0355087434873,"C2"
95.1531570963562,109.975090236403,"C2"
101.23803276103,108.230873942375,"C2"
107.0664915815,95.3324936330318,"C2"
102.904584039934,104.624360078014,"C1"
91.7929858574644,98.9658290380612,"C2"
97.6068532373756,95.6513286242262,"C2"
95.0010748859495,97.604723055847,"C2"
105.27773459442,90.001647551544,"C2"
99.9735964508727,99.7620907053351,"C2"
90.5191997298971,106.246955189854,"C2"
97.471886635758,100.100003131665,"C2"
105.431227325462,96.4377547148615,"C2"
107.081539770588,104.957791506313,"C1"
91.492129326798,94.4755267584696,"C2"
105.612051710486,97.7175351185724,"C2"
90.6915364041924,98.851530267857,"C2"
103.165410733782,97.9569583525881,"C2"
107.173993429169,101.021015900187,"C1"
91.2289063818753,106.096907188185,"C2"
91.3144532125443,108.900230755098,"C2"
100.641066492535,95.56967406068,"C2"
105.027954769321,100.490390984342,"C1"
103.359717363492,103.586027938873,"C1"
102.668247218244,106.058267797343,"C2"
93.463581376709,90.7783588161692,"C2"
106.041039782576,93.733548251912,"C2"
90.651066605933,107.998429685831,"C2"
90.8842880884185,106.539364564233,"C2"
99.8589795129374,101.281468444504,"C2"
104.520993367769,101.455817567185,"C1"
105.168220265768,107.292131185532,"C1"
104.223624295555,106.605446594767,"C1"
108.697518561967,102.415998592041,"C1"
100.238074311055,99.6896029356867,"C1"
104.230416333303,108.636551010422,"C2"
100.585207189433,108.074369681999,"C2"
92.9771604994312,106.333160568029,"C2"
93.3032614737749,98.0008792318404,"C2"
97.2255072463304,104.714016038924,"C2"
106.742510893382,93.6567397462204,"C2"
103.080576593056,99.4507045997307,"C1"
109.042888311669,105.751481293701,"C1"
94.8727798042819,94.5524040749297,"C2"
97.4918037233874,96.1679225089028,"C2"
90.3951651509851,99.517520670779,"C2"
90.8924118150026,97.3566954396665,"C2"
94.4793039979413,105.400383053347,"C2"
106.513006323949,91.145006227307,"C2"
94.4513305649161,103.315995652229,"C2"
100.629833834246,99.7065663151443,"C2"
96.7993955872953,109.45260704495,"C2"
108.52193842642,102.005457328632,"C1"
107.318260534666,109.161918330938,"C1"
109.087645919062,107.257961686701,"C1"
92.5269607361406,93.4125490207225,"C2"
93.3024670183659,100.966427433304,"C1"
105.091904811561,98.5476328711957,"C2"
96.7216838244349,109.985106675886,"C2"
103.453387990594,100.962234134786,"C1"
101.484890119173,97.6741185551509,"C2"
103.60013675876,102.865160102956,"C1"
95.6566463131458,101.399018289521,"C2"
96.7347863689065,90.5404497124255,"C2"
108.57036315836,92.2732788417488,"C2"
107.867282349616,94.7370434831828,"C2"
94.8412960860878,91.9552073674276,"C1"
108.305660379119,95.8931572036818,"C2"
107.73466726765,102.118848944083,"C2"
98.3846430294216,108.823124058545,"C2"
107.946712188423,108.428387949243,"C1"
90.1593474205583,102.434998075478,"C1"
95.2573536662385,94.9906255165115,"C2"
93.6117439251393,95.151407266967,"C2"
96.2977815186605,96.1583055928349,"C2"
93.1657345872372,101.439180565067,"C1"
94.8328889906406,96.8141124211252,"C2"
101.226614681073,99.8046009615064,"C1"
99.9662013538182,94.3499579187483,"C1"
107.625414282084,98.9375624107197,"C2"
109.018292911351,102.592272609472,"C1"
93.5642685601488,100.256262067705,"C1"
106.705337432213,106.19378565345,"C1"
91.5085920877755,98.9468924887478,"C2"
105.432290695608,95.6171303708106,"C2"
102.777838259935,93.9218044932932,"C1"
101.995855672285,99.3859972152859,"C1"
101.953257969581,100.354379145429,"C1"
108.450571782887,95.7653562771156,"C2"
93.246894814074,99.4013932021335,"C2"
91.3101547956467,101.257705865428,"C1"
92.4183129426092,101.041294410825,"C1"
101.640087310225,96.7144675273448,"C2"
104.566075261682,106.017064964399,"C1"
102.982110949233,107.234813650139,"C2"
101.441380777396,90.1796620106325,"C2"
98.1734428368509,99.5747774420306,"C2"
101.179190566763,103.116702623665,"C2"
100.189861073159,92.0887729898095,"C1"
97.6593916397542,102.942119115032,"C2"
103.998592821881,103.293116162531,"C1"
108.851149310358,98.831186699681,"C2"
96.5711840428412,99.4713422004133,"C2"
102.26940790657,98.4170884685591,"C2"
92.7496899664402,100.746102402918,"C1"
100.646886834875,96.8515438493341,"C2"
101.824724394828,104.028327814303,"C2"
93.3597177127376,105.461645550095,"C2"
109.19600774534,102.630841732025,"C1"
96.9157799659297,92.4518010299653,"C2"
103.836472276598,109.091569636948,"C2"
100.656122379005,102.676533837803,"C2"
105.844866987318,93.1324683316052,"C2"
93.7035619234666,98.6872284440324,"C2"
90.3700512647629,90.3811886860058,"C2"
109.679062333889,108.88101242017,"C1"
94.2867893958464,93.7402037531137,"C2"
108.246802533977,96.6227273689583,"C2"
97.9417618643492,107.336190212518,"C2"
107.632291130722,98.3099519694224,"C2"
91.2815753370523,108.983743274584,"C2"
101.675548790954,105.3075822955,"C2"
108.020600057207,95.6875049183145,"C1"
101.272206376307,108.572102575563,"C2"
102.224776283838,105.298761869781,"C2"
100.824514427222,91.7940406547859,"C1"
95.8349593309686,98.9209582610056,"C2"
95.3304650448263,97.1805264195427,"C2"
91.1324948025867,98.3859639847651,"C2"
97.5595232937485,96.6226039268076,"C2"
101.390443267301,100.793337938376,"C2"
96.7212811810896,91.4242565911263,"C2"
107.28794850409,92.0321365073323,"C2"
94.0420922264457,94.1494175232947,"C2"
108.380371383391,108.054778152145,"C1"
90.3874403098598,95.8213564939797,"C2"
109.343056106009,95.3336815722287,"C2"
90.8164251269773,101.305847819895,"C1"
93.2575296564028,109.258963270113,"C2"
109.089133376256,91.9453438883647,"C2"
95.129979243502,93.3255125116557,"C2"
103.182662697509,105.273716188967,"C1"
107.239684155211,91.2737086229026,"C2"
106.458158255555,109.422817458399,"C1"
100.061956946738,95.9326371224597,"C2"
104.589375490323,98.8176036812365,"C2"
91.7579672718421,93.6901340680197,"C2"
93.0970464786515,107.81434380915,"C2"
100.014270921238,104.554312075488,"C2"
99.1586423432454,99.5592873031273,"C2"
97.4360158946365,93.5082477284595,"C2"
91.0821332409978,95.4952219454572,"C2"
93.0111267417669,93.3410913590342,"C2"
101.364292111248,96.0704097058624,"C2"
95.9028267813846,98.665769957006,"C2"
105.224215928465,101.908622574992,"C1"
109.467406375334,92.5703619373962,"C2"
93.8369017327204,93.565496490337,"C2"
106.762863434851,107.997458372265,"C1"
99.5749565027654,91.2544471817091,"C2"
90.1311473967507,103.69520295877,"C1"
94.0133335255086,96.2702294066548,"C2"
101.247623995878,93.2078510802239,"C1"
103.003600006923,104.918925473467,"C1"
99.7010918473825,104.428247720934,"C2"
108.553084824234,93.5611785529181,"C2"
103.548040147871,95.1108169090003,"C2"
100.852894992568,94.0712226275355,"C1"
101.795890522189,96.2043019291013,"C2"
94.5201364578679,100.061490270309,"C1"
92.6345501700416,90.6066324794665,"C2"
90.729219103232,97.7260372275487,"C2"
98.8994332356378,97.8609680151567,"C2"
96.6581029491499,92.8603581804782,"C2"
102.115734242834,91.9616378517821,"C2"
100.805773707107,96.4588196342811,"C2"
94.7370632179081,95.3775950009003,"C2"
96.5915041323751,108.484305893071,"C2"
97.9289401555434,90.1558871287853,"C1"
106.116329529323,109.907143646851,"C1"
102.330210539512,109.223450524732,"C2"
90.3144411835819,103.820676449686,"C1"
94.0956602152437,96.6751091647893,"C2"
94.8591745039448,100.477844588459,"C1"
102.748296717182,94.8058947874233,"C2"
93.2668995065615,104.224668182433,"C2"
109.937149607576,98.574325600639,"C2"
93.5963586065918,91.0087109170854,"C2"
105.698654074222,103.403220586479,"C1"
102.710862583481,101.565371872857,"C1"
100.635730596259,109.675627355464,"C2"
97.2021326189861,104.740974064916,"C2"
106.725178929046,95.2173348376527,"C2"
101.246853759512,96.2387746432796,"C2"
101.071351552382,99.1494807647541,"C2"
105.787839344703,93.8182630622759,"C2"
92.843966926448,107.192792114802,"C2"
92.7757239248604,93.7432918837294,"C2"
102.520291619003,109.209939967841,"C1"
107.485033236444,97.6217867992818,"C2"
94.523541838862,94.7962949099019,"C2"
98.7201053230092,103.658747882582,"C2"
91.6883960878477,98.6501922970638,"C2"
96.2223577871919,104.636651272886,"C2"
109.992670519277,99.9061294924468,"C1"
108.693524352275,98.7638229131699,"C2"
90.5615281546488,93.4797039534897,"C2"
93.7976468820125,92.7152761165053,"C2"
108.581209224649,100.320212892257,"C1"
107.943013929762,105.124199613929,"C1"
104.312024228275,100.589719261043,"C1"
104.402888990007,104.741293443367,"C1"
96.6644953330979,96.4192058844492,"C2"
101.00485353265,106.696381652728,"C2"
96.5077730454504,98.8382368488237,"C2"
97.9991571698338,93.9110756432638,"C2"
90.0951950717717,103.198436601087,"C1"
99.9613084131852,96.7590657947585,"C2"
97.3266839375719,95.6393894739449,"C2"
90.3483726130798,92.3885386576876,"C2"
92.9898361302912,90.1203553052619,"C2"
92.6158409705386,96.1095811193809,"C2"
92.8940956899896,105.823900173418,"C2"
97.7729409513995,93.0911812279373,"C2"
102.366870800033,90.7215506676584,"C2"
96.6037219436839,104.323787642643,"C2"
90.2598757017404,108.432941092178,"C2"
91.9952088268474,103.073076265864,"C1"
104.665609104559,107.847782713361,"C1"
101.919135181233,102.536428272724,"C1"
94.8299317900091,109.129213984124,"C2"
98.3290259446949,102.10327711422,"C2"
102.813208266161,97.0585486153141,"C2"
94.801247343421,104.656960116699,"C2"
103.239412056282,97.74591173511,"C2"
91.2781862867996,98.9700167439878,"C2"
99.072231464088,96.5596809051931,"C2"
103.111700736918,96.5995181491598,"C2"
97.8438326530159,92.853366448544,"C2"
102.190224318765,95.2370973071083,"C2"
106.335472841747,96.3819249067456,"C2"
92.902777493,108.789435811341,"C2"
107.93711414095,93.168910020031,"C2"
109.313712031581,92.4055738048628,"C1"
92.9513217601925,90.7573314616457,"C2"
90.1016774633899,109.637569268234,"C2"
94.5801740232855,90.1572312414646,"C2"
101.229969020933,91.6292798053473,"C1"
99.8119975719601,95.4902209341526,"C2"
92.6169581245631,98.2412975514308,"C2"
104.0168418549,96.1794507317245,"C2"
95.9234719770029,107.656688946299,"C1"
107.169243730605,105.063966871239,"C1"
97.3361619422212,100.177052193321,"C1"
101.46738498006,99.0060365432873,"C2"
107.384465578943,96.984211569652,"C2"
99.9233801756054,101.526414696127,"C2"
98.4385293815285,90.6081275409088,"C1"
92.7712891343981,101.426569782197,"C1"
104.476288100705,105.980128846131,"C1"
95.0452082185075,100.862697684206,"C1"
100.952159580775,101.14721161779,"C1"
104.281208012253,90.7598114199936,"C2"
105.599152594805,104.914492294192,"C1"
103.287746105343,90.8498127944767,"C2"
101.635678508319,94.8524542711675,"C2"
102.555330125615,95.8104214910418,"C2"
100.098994174041,99.8445119708776,"C2"
90.5058453418314,107.90988419205,"C2"
90.2532234601676,107.836533552036,"C2"
99.5891186315566,108.802770292386,"C2"
90.2169927861542,101.86920512002,"C1"
101.780882054009,108.566799135879,"C2"
100.110416291282,100.661682072096,"C2"
96.0322129772976,109.731331188232,"C2"
96.0363744711503,105.989594236016,"C2"
101.215208936483,94.816114702262,"C1"
96.1649450473487,105.481327474117,"C2"
105.557886757888,108.250832655467,"C1"
92.9423393122852,90.2767980378121,"C2"
109.528353987262,98.3291750121862,"C2"
108.973899181001,98.7585049495101,"C2"
102.083078352734,106.189480470493,"C2"
107.980602914467,109.105623667128,"C2"
104.680458907969,104.287116560154,"C1"
101.772978440858,102.604908687063,"C1"
97.2575770970434,92.8635775251314,"C2"
107.231280840933,107.756979186088,"C1"
106.318980953656,101.370782419108,"C1"
96.9446969870478,97.6647319551557,"C2"
103.822699096054,105.740622123703,"C1"
90.0379725545645,93.4666923247278,"C2"
99.2023025173694,104.08638343215,"C2"
97.9388345405459,92.6461363583803,"C2"
94.6477616298944,94.1102446429431,"C2"
92.4358206987381,98.0086180986837,"C2"
104.711812455207,109.942983803339,"C2"
108.81150986068,93.1514172814786,"C2"
106.243854886852,96.2659122329205,"C2"
102.610107050277,91.5729578630999,"C2"
102.382800271735,105.154255637899,"C2"
102.883206028491,94.1847052890807,"C1"
99.2786559648812,102.933988645673,"C2"
95.4584975074977,90.0529759284109,"C2"
101.956291864626,108.36858779192,"C2"
106.548861679621,109.854500796646,"C1"
104.922560513951,92.4826824339107,"C2"
91.9201920926571,101.934116194025,"C1"
108.19898376707,108.77717227675,"C1"
106.521850866266,109.303830848075,"C1"
92.3107120161876,100.293114716187,"C1"
98.1758219422773,107.558775246143,"C2"
99.93325533811,91.4599839504808,"C1"
93.3262441167608,105.594923351891,"C2"
107.349730376154,105.999960065819,"C1"
102.984023177996,108.345540850423,"C2"
99.650825066492,90.0166217563674,"C1"
106.242480096407,108.308130763471,"C1"
107.345915921032,106.717108930461,"C1"
100.809961883351,90.1989424740896,"C1"
106.107712872326,107.259137164801,"C1"
104.417570098303,102.237874949351,"C2"
99.361003250815,100.829874644987,"C2"
102.232534913346,107.531588459387,"C2"
92.6129011670128,105.306121446192,"C2"
106.531530027278,108.228431669995,"C1"
100.207406906411,91.6321007115766,"C1"
104.457729062997,96.9687584927306,"C2"
109.896466606297,105.43719640933,"C1"
91.7592072673142,104.126825970598,"C2"
105.740954591893,107.002520691603,"C1"
94.4942036876455,98.3303568838164,"C2"
102.660033004358,109.647421324626,"C2"
107.53426683601,102.705019605346,"C1"
91.0252328636125,94.8346150526777,"C2"
95.8292736532167,90.3838850464672,"C2"
106.746339336969,92.8474026313052,"C2"
101.769714578986,92.6462896959856,"C1"
109.85295183491,96.5334310475737,"C2"
104.379166704603,95.2542107459158,"C2"
106.442621946335,97.5267337774858,"C2"
107.938386723399,97.3677905742079,"C2"
109.695768849924,90.8743108296767,"C2"
104.369689738378,106.234108544886,"C1"
100.628251777962,109.312865589745,"C2"
104.99663059134,102.760060033761,"C1"
96.5322148660198,95.9237069450319,"C2"
90.3492688946426,109.963928419165,"C2"
109.466596990824,94.2680829716846,"C2"
98.1732594314963,90.4616595106199,"C1"
98.49285739474,91.0971687408164,"C1"
108.096984717995,108.849533544853,"C1"
97.7442286396399,99.5881773624569,"C1"
106.143877166323,109.871504381299,"C1"
102.177709811367,101.569271930493,"C1"
103.439315613359,91.812086161226,"C2"
91.7553458502516,95.8262766804546,"C2"
101.474871789105,94.6991870645434,"C1"
106.244881921448,92.1206093207002,"C2"
103.967190231197,97.5226627895609,"C2"
92.994433180429,99.9721659673378,"C2"
92.146151480265,102.521802913398,"C1"
99.2082178546116,109.820195506327,"C2"
107.14610026218,99.6739706443623,"C1"
107.781103183515,99.9509952589869,"C1"
106.270039393567,90.1367675233632,"C2"
103.477039695717,91.2601856002584,"C2"
103.949057823047,97.8973763389513,"C2"
107.755678868853,102.62779399287,"C1"
92.5339957745746,105.556599879637,"C2"
99.261728185229,91.7165779182687,"C1"
102.33617389109,102.920227828436,"C1"
96.0405442165211,104.557014005259,"C2"
98.593042944558,109.912554761395,"C2"
100.01412356738,96.1074358550832,"C2"
101.659673107788,97.6543741906062,"C2"
98.6022775340825,104.038676712662,"C2"
102.244477197528,96.819493076764,"C2"
109.050402194262,104.763343357481,"C1"
103.608526079915,101.220673546195,"C1"
99.7591128945351,96.4220368489623,"C2"
95.8554643765092,90.6468930048868,"C2"
107.622868055478,105.126513321884,"C1"
98.9182183984667,99.3349155131727,"C2"
106.095602968708,96.6043082904071,"C2"
98.4266455331817,96.9831620715559,"C2"
94.7149708401412,100.431172065437,"C1"
93.7629833538085,97.5616209907457,"C2"
105.693656294607,105.566058983095,"C1"
92.3626997694373,100.128485243767,"C2"
102.6111583272,108.043941487558,"C1"
106.6128914617,107.177787250839,"C1"
97.9146084049717,102.959701749496,"C2"
100.986983678304,104.843164812773,"C2"
95.1147544803098,105.799935059622,"C2"
98.9577839942649,101.836282801814,"C2"
94.8086355207488,102.842999696732,"C2"
99.2137115634978,97.695491570048,"C2"
104.467366100289,99.2421541083604,"C1"
104.793065818958,100.092693325132,"C1"
100.841161725111,94.4992950605229,"C1"
91.8501283507794,105.722295446321,"C2"
93.2731473585591,105.45138114132,"C2"
93.603307120502,100.940092690289,"C1"
103.012553262524,100.977062098682,"C1"
96.238949992694,102.653882582672,"C2"
90.3477763524279,98.4992389893159,"C2"
99.104137038812,103.349529611878,"C2"
102.032486884855,99.0595931792632,"C2"
